Workbook

Sheet Consolidado
A1: Código da Peça | B1: Estoque (DataLake) | C1: Preço Público (DataLake) | D1: Preço Original (Coluna H) | E1: Preço Estratégico (+40%)
A2: 04C-115-105-E | B2: =IFERROR(IF(INDEX(DataLake!$B$2:$B$43,MATCH($A2,DataLake!$A$2:$A$43,0))="","Pendente",INDEX(DataLake!$B$2:$B$43,MATCH($A2,DataLake!$A$2:$A$43,0))),"Não encontrado") -> Pendente | C2: =IFERROR(IF(INDEX(DataLake!$C$2:$C$43,MATCH($A2,DataLake!$A$2:$A$43,0))="","Pendente",INDEX(DataLake!$C$2:$C$43,MATCH($A2,DataLake!$A$2:$A$43,0))),"Não encontrado") -> Pendente | D2: 233.80619 | E2: =D2*(1+Instruções!$B$6) -> 327.32866
A3: 04E-115-105-BM | B3: =IFERROR(IF(INDEX(DataLake!$B$2:$B$43,MATCH($A3,DataLake!$A$2:$A$43,0))="","Pendente",INDEX(DataLake!$B$2:$B$43,MATCH($A3,DataLake!$A$2:$A$43,0))),"Não encontrado") -> Pendente | C3: =IFERROR(IF(INDEX(DataLake!$C$2:$C$43,MATCH($A3,DataLake!$A$2:$A$43,0))="","Pendente",INDEX(DataLake!$C$2:$C$43,MATCH($A3,DataLake!$A$2:$A$43,0))),"Não encontrado") -> Pendente | D3: 1517.8238 | E3: =D3*(1+Instruções!$B$6) -> 2124.9533
A4: 04E-115-105-M | B4: =IFERROR(IF(INDEX(DataLake!$B$2:$B$43,MATCH($A4,DataLake!$A$2:$A$43,0))="","Pendente",INDEX(DataLake!$B$2:$B$43,MATCH($A4,DataLake!$A$2:$A$43,0))),"Não encontrado") -> Pendente | C4: =IFERROR(IF(INDEX(DataLake!$C$2:$C$43,MATCH($A4,DataLake!$A$2:$A$43,0))="","Pendente",INDEX(DataLake!$C$2:$C$43,MATCH($A4,DataLake!$A$2:$A$43,0))),"Não encontrado") -> Pendente | D4: 248.37116 | E4: =D4*(1+Instruções!$B$6) -> 347.71963
A5: 030-115-636-D | B5: =IFERROR(IF(INDEX(DataLake!$B$2:$B$43,MATCH($A5,DataLake!$A$2:$A$43,0))="","Pendente",INDEX(DataLake!$B$2:$B$43,MATCH($A5,DataLake!$A$2:$A$43,0))),"Não encontrado") -> Pendente | C5: =IFERROR(IF(INDEX(DataLake!$C$2:$C$43,MATCH($A5,DataLake!$A$2:$A$43,0))="","Pendente",INDEX(DataLake!$C$2:$C$43,MATCH($A5,DataLake!$A$2:$A$43,0))),"Não encontrado") -> Pendente | D5: 15.040254 | E5: =D5*(1+Instruções!$B$6) -> 21.056355
A6: 059-121-012-B | B6: =IFERROR(IF(INDEX(DataLake!$B$2:$B$43,MATCH($A6,DataLake!$A$2:$A$43,0))="","Pendente",INDEX(DataLake!$B$2:$B$43,MATCH($A6,DataLake!$A$2:$A$43,0))),"Não encontrado") -> Pendente | C6: =IFERROR(IF(INDEX(DataLake!$C$2:$C$43,MATCH($A6,DataLake!$A$2:$A$43,0))="","Pendente",INDEX(DataLake!$C$2:$C$43,MATCH($A6,DataLake!$A$2:$A$43,0))),"Não encontrado") -> Pendente | D6: 1149.8665 | E6: =D6*(1+Instruções!$B$6) -> 1609.8131
A7: 2GB-121-203-J | B7: =IFERROR(IF(INDEX(DataLake!$B$2:$B$43,MATCH($A7,DataLake!$A$2:$A$43,0))="","Pendente",INDEX(DataLake!$B$2:$B$43,MATCH($A7,DataLake!$A$2:$A$43,0))),"Não encontrado") -> Pendente | C7: =IFERROR(IF(INDEX(DataLake!$C$2:$C$43,MATCH($A7,DataLake!$A$2:$A$43,0))="","Pendente",INDEX(DataLake!$C$2:$C$43,MATCH($A7,DataLake!$A$2:$A$43,0))),"Não encontrado") -> Pendente | D7: 1083.6286 | E7: =D7*(1+Instruções!$B$6) -> 1517.08
A8: 5QM-121-203-L | B8: =IFERROR(IF(INDEX(DataLake!$B$2:$B$43,MATCH($A8,DataLake!$A$2:$A$43,0))="","Pendente",INDEX(DataLake!$B$2:$B$43,MATCH($A8,DataLake!$A$2:$A$43,0))),"Não encontrado") -> Pendente | C8: =IFERROR(IF(INDEX(DataLake!$C$2:$C$43,MATCH($A8,DataLake!$A$2:$A$43,0))="","Pendente",INDEX(DataLake!$C$2:$C$43,MATCH($A8,DataLake!$A$2:$A$43,0))),"Não encontrado") -> Pendente | D8: 1524.2857 | E8: =D8*(1+Instruções!$B$6) -> 2134
A9: 5U0-121-207-B | B9: =IFERROR(IF(INDEX(DataLake!$B$2:$B$43,MATCH($A9,DataLake!$A$2:$A$43,0))="","Pendente",INDEX(DataLake!$B$2:$B$43,MATCH($A9,DataLake!$A$2:$A$43,0))),"Não encontrado") -> Pendente | C9: =IFERROR(IF(INDEX(DataLake!$C$2:$C$43,MATCH($A9,DataLake!$A$2:$A$43,0))="","Pendente",INDEX(DataLake!$C$2:$C$43,MATCH($A9,DataLake!$A$2:$A$43,0))),"Não encontrado") -> Pendente | D9: 239.17223 | E9: =D9*(1+Instruções!$B$6) -> 334.84112
A10: 2QB-121-251-A | B10: =IFERROR(IF(INDEX(DataLake!$B$2:$B$43,MATCH($A10,DataLake!$A$2:$A$43,0))="","Pendente",INDEX(DataLake!$B$2:$B$43,MATCH($A10,DataLake!$A$2:$A$43,0))),"Não encontrado") -> Pendente | C10: =IFERROR(IF(INDEX(DataLake!$C$2:$C$43,MATCH($A10,DataLake!$A$2:$A$43,0))="","Pendente",INDEX(DataLake!$C$2:$C$43,MATCH($A10,DataLake!$A$2:$A$43,0))),"Não encontrado") -> Pendente | D10: 910.69426 | E10: =D10*(1+Instruções!$B$6) -> 1274.972
A11: 5U0-121-253-C | B11: =IFERROR(IF(INDEX(DataLake!$B$2:$B$43,MATCH($A11,DataLake!$A$2:$A$43,0))="","Pendente",INDEX(DataLake!$B$2:$B$43,MATCH($A11,DataLake!$A$2:$A$43,0))),"Não encontrado") -> Pendente | C11: =IFERROR(IF(INDEX(DataLake!$C$2:$C$43,MATCH($A11,DataLake!$A$2:$A$43,0))="","Pendente",INDEX(DataLake!$C$2:$C$43,MATCH($A11,DataLake!$A$2:$A$43,0))),"Não encontrado") -> Pendente | D11: 275.96796 | E11: =D11*(1+Instruções!$B$6) -> 386.35514
A12: 2Q0-121-321-A | B12: =IFERROR(IF(INDEX(DataLake!$B$2:$B$43,MATCH($A12,DataLake!$A$2:$A$43,0))="","Pendente",INDEX(DataLake!$B$2:$B$43,MATCH($A12,DataLake!$A$2:$A$43,0))),"Não encontrado") -> Pendente | C12: =IFERROR(IF(INDEX(DataLake!$C$2:$C$43,MATCH($A12,DataLake!$A$2:$A$43,0))="","Pendente",INDEX(DataLake!$C$2:$C$43,MATCH($A12,DataLake!$A$2:$A$43,0))),"Não encontrado") -> Pendente | D12: 126.30134 | E12: =D12*(1+Instruções!$B$6) -> 176.82187
A13: 5U0-121-407-C | B13: =IFERROR(IF(INDEX(DataLake!$B$2:$B$43,MATCH($A13,DataLake!$A$2:$A$43,0))="","Pendente",INDEX(DataLake!$B$2:$B$43,MATCH($A13,DataLake!$A$2:$A$43,0))),"Não encontrado") -> Pendente | C13: =IFERROR(IF(INDEX(DataLake!$C$2:$C$43,MATCH($A13,DataLake!$A$2:$A$43,0))="","Pendente",INDEX(DataLake!$C$2:$C$43,MATCH($A13,DataLake!$A$2:$A$43,0))),"Não encontrado") -> Pendente | D13: 37.163685 | E13: =D13*(1+Instruções!$B$6) -> 52.029159
... A43: 2GX-857-706- -RAA | B43: =IFERROR(IF(INDEX(DataLake!$B$2:$B$43,MATCH($A43,DataLake!$A$2:$A$43,0))="","Pendente",INDEX(DataLake!$B$2:$B$43,MATCH($A43,DataLake!$A$2:$A$43,0))),"Não encontrado") -> Pendente | C43: =IFERROR(IF(INDEX(DataLake!$C$2:$C$43,MATCH($A43,DataLake!$A$2:$A$43,0))="","Pendente",INDEX(DataLake!$C$2:$C$43,MATCH($A43,DataLake!$A$2:$A$43,0))),"Não encontrado") -> Pendente | D43: 294.36582 | E43: =D43*(1+Instruções!$B$6) -> 412.11215

Sheet DataLake
A1: Código da Peça | B1: Estoque | C1: Preço Público
A2: 04C-115-105-E
A3: 04E-115-105-BM
A4: 04E-115-105-M
A5: 030-115-636-D
A6: 059-121-012-B
A7: 2GB-121-203-J
A8: 5QM-121-203-L
A9: 5U0-121-207-B
A10: 2QB-121-251-A
A11: 5U0-121-253-C
A12: 2Q0-121-321-A
A13: 5U0-121-407-C
... A45: Preencha as colunas B (Estoque) e C (Preço Público) com os dados do extrato do DataLake. Os códigos da coluna A já estão na ordem da aba 'Consolidado'; a busca é feita por INDEX/MATCH, portanto a ordem pode ser alterada sem quebrar as fórmulas.

Sheet Instruções
A1: Estratégico VW — Planilha Consolidada
A3: Origem dos dados
A4: Planilha de origem | B4: Estratégico PAC VII (aba 'Pedido')
A5: Coluna H de origem | B5: Preço Rev. c/ IPI (Promo.)
A6: Acréscimo Estratégico | B6: 0.4
A7: Itens processados | B7: 42
A9: Como completar
A10: 1 | B10: Cole o extrato do DataLake na aba 'DataLake' (colunas B e C, células amarelas).
A11: 2 | B11: A aba 'Consolidado' preenche Estoque e Preço Público automaticamente por INDEX/MATCH.
A12: 3 | B12: 'Pendente' = código presente no extrato mas sem valor; 'Não encontrado' = código ausente do extrato.
A14: Exemplo de preenchimento na aba DataLake
A15: Código da Peça | B15: Estoque
A16: 04C-115-105-E | B16: 37
A18: Legenda de cores
A19: Azul | B19: Valor fixo / entrada manual
A20: Preto | B20: Fórmula calculada nesta aba
A21: Verde | B21: Fórmula que busca dados em outra aba
A22: Amarelo | B22: Célula a ser preenchida pelo usuário
